budget,split,comparison,delta,ci_low,ci_high,n_questions
100000,gsm8k_test,quadrant_prioritized - uniform,-0.03,-0.07,0.01,500
100000,gsm8k_test,confidence_weighted - uniform,-0.018,-0.048,0.012,500
100000,gsm8k_test,uniform - base,0.126,0.08,0.172,500
100000,gsm8k_test,quadrant_prioritized - base,0.096,0.054,0.14,500
100000,gsm8k_test,confidence_weighted - base,0.108,0.064,0.152,500
100000,math_test,quadrant_prioritized - uniform,0.02,-0.014285714285714285,0.054285714285714284,350
100000,math_test,confidence_weighted - uniform,0.014285714285714285,-0.011428571428571429,0.04,350
100000,math_test,uniform - base,-0.045714285714285714,-0.08857142857142856,-0.002857142857142857,350
100000,math_test,quadrant_prioritized - base,-0.025714285714285714,-0.06571428571428571,0.014285714285714285,350
100000,math_test,confidence_weighted - base,-0.03142857142857143,-0.07428571428571429,0.011428571428571429,350
100000,gsm_plus_test,quadrant_prioritized - uniform,0.016,-0.018,0.052,500
100000,gsm_plus_test,confidence_weighted - uniform,0.024,0.0,0.05,500
100000,gsm_plus_test,uniform - base,0.056,0.018,0.094,500
100000,gsm_plus_test,quadrant_prioritized - base,0.072,0.032,0.11,500
100000,gsm_plus_test,confidence_weighted - base,0.08,0.042,0.118,500
100000,overall,quadrant_prioritized - uniform,0.0,-0.02074074074074074,0.022222222222222223,1350
100000,overall,confidence_weighted - uniform,0.005925925925925926,-0.01037037037037037,0.022222222222222223,1350
100000,overall,uniform - base,0.05555555555555555,0.03111111111111111,0.07925925925925927,1350
100000,overall,quadrant_prioritized - base,0.05555555555555555,0.03185185185185185,0.07925925925925927,1350
100000,overall,confidence_weighted - base,0.061481481481481484,0.037037037037037035,0.08666666666666667,1350
300000,gsm8k_test,quadrant_prioritized - uniform,-0.007333333333333332,-0.03133333333333334,0.01733333333333333,500
300000,gsm8k_test,confidence_weighted - uniform,0.009333333333333334,-0.007333333333333335,0.02666666666666667,500
300000,gsm8k_test,uniform - base,0.10666666666666672,0.06799999999999999,0.14466666666666672,500
300000,gsm8k_test,quadrant_prioritized - base,0.09933333333333334,0.06066666666666667,0.13666666666666674,500
300000,gsm8k_test,confidence_weighted - base,0.11600000000000005,0.07733333333333331,0.1540000000000001,500
300000,math_test,quadrant_prioritized - uniform,-0.002857142857142856,-0.02190476190476191,0.01714285714285713,350
300000,math_test,confidence_weighted - uniform,-0.0066666666666666645,-0.0219047619047619,0.008571428571428572,350
300000,math_test,uniform - base,-0.025714285714285724,-0.06000000000000003,0.006666666666666666,350
300000,math_test,quadrant_prioritized - base,-0.028571428571428577,-0.06571428571428571,0.005714285714285713,350
300000,math_test,confidence_weighted - base,-0.03238095238095238,-0.06666666666666668,-3.6478756523398e-18,350
300000,gsm_plus_test,quadrant_prioritized - uniform,-0.012000000000000005,-0.032,0.008,500
300000,gsm_plus_test,confidence_weighted - uniform,-0.00466666666666667,-0.021333333333333333,0.012666666666666665,500
300000,gsm_plus_test,uniform - base,0.07866666666666668,0.046000000000000006,0.1113333333333334,500
300000,gsm_plus_test,quadrant_prioritized - base,0.06666666666666661,0.03666666666666667,0.09800000000000006,500
300000,gsm_plus_test,confidence_weighted - base,0.07399999999999995,0.042666666666666665,0.10666666666666665,500
300000,overall,quadrant_prioritized - uniform,-0.007901234567901223,-0.020987654320987627,0.0046913580246913545,1350
300000,overall,confidence_weighted - uniform,-1.02798428206033e-18,-0.00962962962962963,0.009629629629629636,1350
300000,overall,uniform - base,0.061975308641975355,0.040493827160493844,0.08296296296296289,1350
300000,overall,quadrant_prioritized - base,0.05407407407407391,0.03283950617283951,0.07432098765432102,1350
300000,overall,confidence_weighted - base,0.06197530864197524,0.04098765432098764,0.08296296296296299,1350
